{"cameraMode":{"drawMode":0,"name":"Shaded","section":"Shading Mode"},"sceneLighting":true,"audioPlay":false,"sceneViewState":{"showFog":true,"showMaterialUpdate":true,"showSkybox":true,"showFlares":true,"showImageEffects":true,"showParticleSystems":true},"in2DMode":false,"pivot":{"x":7532.73828125,"y":4408.82080078125,"z":9163.076171875},"rotation":{"x":0.03976750001311302,"y":0.8527088165283203,"z":-0.06562557816505432,"w":0.5167199969291687},"size":33103.99609375,"orthographic":false}